video_id,playlist,title,transcribed,length,caption_id
E-aoo7Gl2FQ,52_weeks,How to set up a reef tank  | 52 Weeks of Reefing,False,0:01:28,AUieDaanATJE3B_sY3g0XdT4d529fpUTwWeQoRNi8_RNyMNXxrc
fKEXNIhomGs,52_weeks,Week 1: Our Best Reef Tank Build Yet | 52 Weeks of Reefing,False,0:02:51,AUieDaZUPwzNfRgZ8pkyQVjAyPoKqobPj2n8FaNwOUqe
OxZ_hJjXwj8,52_weeks,Week 2: Unveiling the tank and custom built stand | 52 Weeks of Reefing,False,0:17:38,AUieDaaGEEmWfrg14IXf7M_i6ZmxAgaPbdif7ba6YD67
z6foHVHg1Rw,52_weeks,"Week 3: Sumps - What do they do, and which should you select? | 52 Weeks of Reefing",False,0:15:11,AUieDaaJ5tS6S0lWQ3n0iLGnQupq2Vc6geBy_kXYiyl5
tppr8V13h5U,52_weeks,Week 4: Planning a Safer Tank with Redundancy | 52 Weeks of Reefing,False,0:17:34,AUieDabkVqpY2TKn0EG-plpyrFZjHJVCdSiOFCDIE2mY
q1tAnhIGpgA,52_weeks,"Week 5: Plumbing, Overflows, and Return Pumps | 52 Weeks of Reefing",False,0:19:02,AUieDabKpBko1hu1AwBcvEfjCvJJbbgDqif98oBvI61f2QLCQMU
1rER7e7zTxU,52_weeks,"Week 6: Wiring Your Reef Tank, Everything You Forgot to Think About. | 52 Weeks of Reefing",False,0:09:31,AUieDaYleDoSmw_Pj_Uga3E6GU56wMcU93wtei59boXGdX-oTDk
SMq-vk1mnZw,52_weeks,Week 7: How to Produce the Best Water Possible. | 52 Weeks of Reefing,False,0:19:06,AUieDaas5UnHEaum_T4A0EAOKGj8afPQUHL_RKz0RMFd
8vrSO8WLs_M,52_weeks,Week 8: Tank Temperature. Finding a Way to Trust Your Heater. | 52 Weeks of Reefing,False,0:14:53,AUieDabmlIYchPOYyPPocrtLsU54xg2kzH-cPfXyJ-Sh-rkpMW4
K1Oc1LYgVbo,52_weeks,Week 9: Why Flow Is Vital for a Successful Reef Tank. | 52 Weeks of Reefing,False,0:20:23,AUieDabBgd4pbA54hPsDLHsvBmOnJyvmP9TYdLCrHXcv
weuOniZN2Jo,52_weeks,Week 10: What You May Not Have Known About Live Rock. | 52 Weeks of Reefing,False,0:18:44,AUieDabndCj22RsC9KW961FqumOhZ7M03aPlXqOJ_12d
S4eTdqBZnlw,52_weeks,Week 11: Simple Ways to Create the Perfect Aquascape. | 52 Weeks of Reefing,False,0:10:39,AUieDaZay4uABOt2eZGKMTpySHkcn-5Y9YsxYuKi19VX
6vsm71SSw20,52_weeks,Week 12: Proof: Live Sand Isn’t as Dull as You Thought! | 52 Weeks of Reefing,False,0:09:42,AUieDabtNOkzOVT7Do2UB1smV1P2SKWxdnmOZE-rHGIXcAZ-zZk
m5QUjCbYBTM,52_weeks,"Week 13: Ammonia, Not as Simple as You Think: The Ideal Tank Cycle.| 52 Weeks of Reefing",False,0:14:48,AUieDaZ2kcyje0rPXBaoDlVTPAGo0Hz3JqDTkceLRure
-GncTmZqOIU,52_weeks,"Week 14: Are UV Sterilizers Worth the Time, Money and Effort? | 52 Weeks of Reefing",False,0:15:57,AUieDaYMfPVYfF-D3JTG0ttumIODhIW4FkuQoycbNyli
ZWHSTlJ05ek,52_weeks,Week 15: Adding Saltwater Fish Intelligently and Safely. | 52 Weeks of Reefing,False,0:14:01,AUieDaajY_QQouL4ZCEun6pSo4HjqjQu7neKyjzX-WXSnqeM0WY
8rVV7GLNees,52_weeks,"Week 16: ATO: Reducing Daily Maintenance, Safely! | 52 Weeks of Reefing",False,0:10:55,AUieDaZbMcpd2Flo6kzXuYO9YRWpJoP7DCfVNT8XIwdoIqrF3EA
myg8rz0Bzzc,52_weeks,Week 17: Protein Skimmers - Selecting and Tuning the Best! | 52 Weeks of Reefing,False,0:18:18,AUieDaa4a68g6yMhXYyrUZ5BPMDPKTF1sxxJmXX5-hr-iT8Fwks
CR0FaKu35q0,52_weeks,Week 18: Aquarium Lighting: Replicating the Sun Over the World’s Reefs | 52 Weeks of Reefing,False,0:10:32,AUieDaa1b0lIDNVsg6-fbZJIOuXsq3wUVShWtY4b54LyqejHWfI
C61DTnWKGjc,52_weeks,Week 19: Compelling Data for Using T5 Lighting on Your Reef Tank. | 52 Weeks of Reefing,False,0:28:34,AUieDaYnPziDb_xxTGcVzR_lTBhlSxd_UQpOi60CSlRo
HKnZq0-0ghY,52_weeks,Week 20: Metal Halide Lighting and the Reef Tank: A Recipe for Success. | 52 Weeks of Reefing,False,0:25:32,AUieDaYIdyMxGvqgcC6awiV2pDCHuee8CBucyEDfMowpQzoqpMk
V7XLgLiA0PM,52_weeks,"Week 21: LED Reef Lighting: Tuning PAR, Spread, and Spectrum. | 52 Weeks of Reefing",False,0:35:48,AUieDaZyiFj0xF9UM72F0IHxraFkqZ5eFCS2oodG-zpJdtlyIoQ
GTuj5MJCgpc,52_weeks,Week 22: Reef Tank Lighting: What’s on Our Tanks? The T5 LED Hybrid! | 52 Weeks of Reefing,False,0:13:13,AUieDab3O1O31NxqP4OD27E_KhWdOjt5oBaWxJQcjSkyzTUQq7o
UjXHq6oie6s,52_weeks,"Week 23: Clean-up Crew, How Many Do I Need? | 52 Weeks of Reefing",False,0:16:07,AUieDabsjpkF2048gYAn3EwovgUJDv5EO8H_XUzA3pld
UbLF1zgw8oQ,52_weeks,"Week 24: Carbon, GFO & Filter Media for a Clean, Stable Reef Tank. | 52 Weeks of Reefing",False,0:20:29,AUieDaY5EOvHYAguxhTaRuN3rJFLSdgOXrOY7uznXXAnjR3zsL4
O0jk2yaT-hc,52_weeks,Week 25: Going Beyond Filter Socks: The Theiling Rollermat. | 52 Weeks of Reefing,False,0:12:09,AUieDaYaz_y19pnC9-Ccb0QV89SDYEeG7IDeUrq-SN5b04ziblA
KnXHVEJSQsU,52_weeks,Week 26: How to Leverage Bacteria for a Cleaner Reef Tank. | 52 Weeks of Reefing,False,0:22:14,AUieDaYQmUmUg5On_Zin8TQJj7EIJeCA5IU2vYXr-jO6xlliocc
S5vONjvJzTQ,52_weeks,Week 27: Refugiums - Utilizing Algae for a Thriving Reef Tank. | 52 Weeks of Reefing,False,0:11:34,AUieDaZQNhMn_s7X-FfaFujDZcxMCGKADYFxH9mgQzDsSNJTZpU
-gKMRHtNCNE,52_weeks,Week 28: Ozone and Reef Tanks: Crystal Clear Tanks but at a Cost! | 52 Weeks of Reefing,False,0:20:52,AUieDaZKqctoHlHESCV3OtDm8SgOLpdbbhjRFuqTVoZo81lUEVM
Keu12vKZNXM,52_weeks,Week 29: Calcium & Alkalinity: The Science Behind a Healthy Reef. | 52 Weeks of Reefing,False,0:12:48,AUieDabIKAqCqur92gUVdbUi0XNRyu0wT7T8QWivqs9hWOXvdzs
Lu_To5UZ2c0,52_weeks,"Week 30: Kalkwasser: All-in-one Calcium, Alkalinity & pH supplement | 52 Weeks of Reefing",False,0:18:50,AUieDabmTnRtcV1GMUtPoDlILPrF-F1VhLlMPv9LlGPZT05C82E
VVdvc6mzieA,52_weeks,Week 31: Simple 2 part calcium & alkalinity dosing | 52 Weeks of Reefing,False,0:21:48,AUieDabH2rJg7ncy6uFI9wKjFAyA2PeII3qe1cobKwaIdE4-kwA
9LNqju_whb0,52_weeks,Week 32: Calcium reactor on the BRS160? You decide! | 52 Weeks of Reefing,False,0:23:14,AUieDaaCXAue321dv2ppBj9zsFPQ4JonMBNtzKPg5FjC5rvmWzI
eGJaPocRErc,52_weeks,Week 33: Trace Elements: Is supplementation right for your tank? | 52 Weeks of Reefing,False,0:13:47,AUieDabrirodyhIyS2jdrN51qzsRW7ILR2pJQmbe2Uh_MQ0OiO8
E6xyaHo91S0,52_weeks,Week 34: BEST reef tank parameters and our favorite test kits | 52 Weeks of Reefing,False,0:27:08,AUieDaY359GSDi64sPs6J5pYFymUrxRcZIm8ov7RBS75H8zA65I
G9nuO8f0eEM,52_weeks,"Week 35: SOFT CORALS! Selection, care, and placement | 52 Weeks of Reefing",False,0:23:36,AUieDabCxEe9GbhP7Jm52014wZCkRGUfOaKU2oi7OFtD
I3mDwB_8v0U,52_weeks,"Week 36: LPS coral selection, care, & placement | 52 Weeks of Reefing",False,0:26:05,AUieDaZDL6tuy2ajcjHJPGlRYXibQgbJtfNIuDAkws8Y
htMPSs3Z6Qc,52_weeks,"Week 37: Small Polyp Stony corals! SPS selection, care, & placement | 52 Weeks of Reefing",False,0:23:17,AUieDaatVJlKb5VOpTQ0x-6LWD3aOdOyzOQt8HI6FXKJnmMc-kI
edJ8Lorgxi8,52_weeks,"Week 38: Mounting corals: epoxy, super glue, and lighting tweaks | 52 Weeks of Reefing",False,0:14:17,AUieDaaIvN85ioJT6VPpMgSiT2G3gknn0ae0aiJbdk0NnmUyaFM
vavu53M436M,52_weeks,Week 39: Feeding corals  -  Do the claims meet expectations? | 52 Weeks of Reefing,False,0:15:16,AUieDaZLKnkhnmDwnvZJji22P3Iz56tscYlTA100jUP0fBh0hmA
tpLAwYp5Z7c,52_weeks,"Week 40: The BRS160 in review: Successes, challenges, and improvements | 52 Weeks of Reefing",False,0:11:39,AUieDaZUge1bhXHuw1ca1wqMjUQR4uAaGmsYEgV3Ol0y
u0mEznH5-BQ,52_weeks,Week 41: Feeding fish - Selecting food for maximum health & longevity | 52 Weeks of Reefing,False,0:13:44,AUieDaajNxj0CmUiFtfgKTXAS1n14Mvc-qkw0GsSAYx_
3giFyMj7CAw,52_weeks,Week 42: Reef Tank Maintenance: 5 minutes a day can transform your tank: 52 Weeks of Reefing #BRS160,False,0:11:43,AUieDabcqd4TBOgQX1HgZzuudCHqL3w4xOi5ugIT6XaAZ9ykJBg
3M9y0QPRqVw,52_weeks,"Week 43: Aquarium Controllers: Protecting your tank, wallet and space | 52 Weeks of Reefing",False,0:13:13,AUieDabDXdXC9_-zI2lUHaZNA11q6yIjyXZrEokn7O2JfUUMz1g
ls0ABH6JV-Y,52_weeks,Week 44: Aquarium Controller How To's - Digital Aquatics Reefkeeper | 52 Weeks of Reefing,False,0:24:42,AUieDabm8jdhbLmYCfqbIbmXTl3YwE_PO1KJI9Ractk9XDCOW7g
ags0loe1uow,52_weeks,Week 46: Aquarium Controller How To's - The Seneye + Tank Update | 52 Weeks of Reefing,False,0:16:43,AUieDaZwFQhTqA7Znc_5DHC-JQc1v2sCJA-oX1C-ugc4Vto5Hqc
LN8oS87VFUY,52_weeks,Week 47: Vertex Cerebra: Programming made easy | 52 Weeks of Reefing,False,0:14:51,AUieDaZMxBbbelgi9zbHu305t48r9DGCDU7FIiZwJGPinBxfpao
9zft6lJraRg,52_weeks,Week 48: Keep algae out of your reef tank FOREVER! | 52 Weeks of Reefing,False,0:35:04,AUieDaauAIQG3EU0fObGPEZa6uQRYJ5L_n4-3LXx_xiA
j2PBf42_ihc,52_weeks,Week 49: How to prevent and treat reef tank pests | 52 Weeks of Reefing,False,0:15:28,AUieDaZuK8Yb8wpswiRe3GwJnmO9UEKNGl2pvoRI3g09q_9ZJdw
VsK-yQChF84,52_weeks,Week 50: BRS160 disaster averted! Fixing catastrophes in the reef tank | 52 Weeks of Reefing,False,0:17:07,AUieDaZrEx-Vf9ytbVrT00et4MtMdHSqjX9TVvOTaYIvPQMAYEo
Jw6ZGdLgQCs,52_weeks,Week 51: What you need to know to cure fish disease & parasites | 52 Weeks of Reefing,False,0:23:57,AUieDaYwx_Jw0sxeIrJ2enRqGW_SFQjXGzP4rqr_9FpGxDt-FI8
lYdQx4dR4VA,52_weeks,"Week 52: Planning a reef tank upgrade, plus a look back at the BRS160 | 52 Weeks of Reefing",False,0:19:28,AUieDaYtMtLdF2eV2Ozdc2whoD3G7BEYYWhB4QN2Zwcx0bBhW6M
ZV9a25GQ7fk,52_weeks,Update 1: The 4 stages of competence and montipora eating nudibranchs | 52 Weeks of Reefing,False,0:11:32,AUieDaajwWvfSE0-Q3SOYCtLIp9YGzwPAIW2TRYBOb_Xvz4u8Ug
t69huBU8xyM,52_weeks,Update 2: The most cost effective way to increase coral growth? | 52 Weeks of Reefing,False,0:09:53,AUieDaaq3-BnX6URWyUySWZpyCOqM6K7FqLM4dmOkafRrewtxL4
19h7uyBfQnw,52_weeks,Update 3: Nearly two years of Zeovit and how it worked for us. | 52 Weeks of Reefing,False,0:09:27,AUieDaaYO7krA2E-LHv1fXKoRMhBHkLXEmuw6TEDPtQnAucdOZg
KoPY_1rA4UU,52_weeks,"Update 5: August 2018 - Successes, issues and auto water changes | 52 Weeks of Reefing",False,0:18:45,AUieDaYWi-B40ZiGBVvMYAl6xRpruOQauDhYgDjdmWwJ_0DLTfw
quJDLPG1no8,52_weeks,What happens next? Will the BRS160 still be BRStv's lab rat? | 52 Weeks of Reefing,False,0:22:15,AUieDaYYjS311Ugu_Ivgihd5A-01405PS1blGxEXx4Tqc2hWya0
ZAFpSuoe7ys,52_weeks,Wins and Secrets of the BRS160.. 52-Weeks to 54-Months!,False,0:53:15,AUieDaZiiNJVsAY16JYwSrsVVJtbcH9qoTaohbwC9MEPUtLLDoI
vs8hzOdxGv0,52_weeks,How Did the BRS160 Survive Our Mistakes?! Lessons Learned from Our Failures. | 52 Weeks of Reefing,False,0:52:46,AUieDabL-Lh8JP1ov7dSKbNMiYeInt2mqSzGBBLldwD45ETxTCY
4zRFshbbH2I,52_weeks,Week 45: Aquarium Controller How To's - The Neptune Apex | 52 Weeks of Reefing,False,0:24:48,AUieDabY75qsLNareaxaBDt6d9-aHqW2LP9a6z9rMa_yDnFhIOM
vtyjZqpVHBM,52_weeks,It’s Coming Down... Will the BRS160 Be Replaced?,False,1:14:16,AUieDaYQYj-C8BQ78grQl9SSgkMONnjCQTY43JNzq5WQcZCpPw0
AvdwsF7TrZM,52_FAQ,Are CO2 Scrubbers REALLY Effective at Managing Reef Tank pH?,False,0:04:34,AUieDabZM7ilzQu8-J8t1TZ3EHafnnPAkhqXxh0OozWlPfpzDIM
fMCnh4lkKrU,52_FAQ,Live Sand & Your Reef Tank...What You NEED to Know!,False,0:05:34,AUieDaacKqoVxPGUE7PklCPDAqP4jLpYPyqx6W1zdtYHehTBvSE
OgPUweiY9Ig,52_FAQ,Is a Sump NECESSARY for a Saltwater Tank?,False,0:02:57,AUieDaYKR9XvSUBNjajgEt3eJ0MX7ldpcSDVWblqyDqvc_ag_TM
wQdjVSP3mKw,52_FAQ,Are Hanna Checkers for Your Reef Tank Worth It?,False,0:04:36,AUieDaZMRzGIyHTkZZmcysDJnat-3V5hzsikefyY-HObO0L-ASU
6ccfiIaJiww,52_FAQ,How it works : Calcium reactors explained the easy way | Reef FAQs,False,0:06:53,AUieDaYTyzP-N-OjG4K-PabypgdJ5Lpwy9_fbtUEluWHhZvZ
gK6s4ccNa4A,52_FAQ,Protein skimmer guide - Explaining what they do and how they work - Reef FAQ,False,0:05:13,AUieDaY7izxHvF5DPRv0gTgxnKOKXRqNXEf701ThBNFJL8h883w
lQrnx7VgVxM,52_FAQ,How much is a calcium reactor vs two part dosing. Is it worth putting on a reef tank? Reef FAQ,False,0:08:31,AUieDaYLpyFpwEajAlduw_fwUZv1ZK639_wMo0V9osKojdv8eDw
BdlRU34wZSI,52_FAQ,Reef tank LED lighting: The best mounting height for your corals | Reef FAQs,False,0:04:43,AUieDaZopQ3mEU4o_dqjfFHpY-PIpux9RSW7SNYiRj1jhGKv
5dYZMoR1cro,52_FAQ,How many LED modules? Selecting and spacing reef tank LED lighting options | Reef FAQs,False,0:08:20,AUieDaauDTVG2yFZpOFHgmd0T7plOXiIn1_kwJlDeoITPb1o
DMW7rc-aFgs,52_FAQ,PUR vs PAR? What is more important when setting up your LED reef tank lighting? | Reef FAQs,False,0:04:30,AUieDabAmAVH9trj49fHSTCEBLcB6Yyz6wF2E12DbWCmWrWb
o7ST61T9yqs,52_FAQ,Reef tank pH: When should I calibrate my pH probe for aquarium pH monitor or controller? | Reef FAQs,False,0:02:45,AUieDaZz7LSWFCefkYgTd9z7dRguNsaGwQ-2OqmCUALOdHlJlrU
RXpMyLuNEiM,52_FAQ,PAR & Reef Tank Lighting Schedules: What's the ideal program for LED aquarium lighting? | Reef FAQs,False,0:06:43,AUieDaZzsfUxhrqNZKZbP0-P2_wB9doFT7d12kXmRFdd0Rda
j7KDnOBT7h8,52_FAQ,Reef tank pH - When should I replace my pH probe on my pH monitor or controller? | Reef FAQs,False,0:02:42,AUieDaavMquaRdfL7lqEL-nEusKzDMk1dGXGSvc3WSYQwKOgXW0
kJhe1C8Dj7k,52_FAQ,Reef tank lighting schedule - What is the ideal spectrum program for your LED lights? | Reef FAQs,False,0:10:57,AUieDaYXPK9A95TZ07ZwaacjAFFvjqQLkUZdVXQiD8CT0XIx
_pD29jGey9Q,52_FAQ,Triton Method cost - Time to add up how much it costs to run a Triton Method reef tank | Reef FAQs,False,0:05:40,AUieDaY7TsfQfBV5oVHopiXtGoAJXjoahYuzMy6HowxwixwU
_x97EAiEuts,52_FAQ,T5 reef lighting - Why T5 continues to be popular with advanced reef tank owners | Reef FAQs,False,0:06:21,AUieDaZjO9jixsc_O-iZdOcsg2juyt05qQdJJPzfODpCWDSd
tvIrhgjgraM,52_FAQ,Triton ICP Test - Top 5 BEST uses for the latest in reef tank testing methods | Reef FAQs,False,0:05:31,AUieDaaH4QbXpUxBe90lCVysQ0qErzK2CXA7z-fsRLjlcGJ2Gi0
5_GM5ZBzvdk,52_FAQ,How to raise pH in a reef tank with a beta recirculating CO2 scrubber | Reef FAQs,False,0:04:52,AUieDaaF-peayyh_E9DznVYo8P6qNB_pAqhm1MIbLHEP14Y7LyY
csLxQMznYm4,52_FAQ,Switching marine salt mix brands safely for a saltwater tank | Reef FAQs,False,0:06:09,AUieDaZwoHAdOCQYhQrsmNKTBvK5utS5Ie_ecSVAEO7CHejsv4o
TKLlIXYXSuM,52_FAQ,Triton Method Reef Tanks - Eliminating water changes in your saltwater aquarium | Reef FAQs,False,0:04:14,AUieDabpV7eHT3ozu3FD0Z8PU5HIHnkzN5ck3EfXyqiQz0AkttU
djRuqU05WiU,52_FAQ,How to raise pH in saltwater tank with a CO2 scrubber | Reef FAQs,False,0:05:54,AUieDaYwAstd6aKWuMK8_8SsqAQ9_IP9hD919dMgL-EqUOyG
KVZKtbeocj4,52_FAQ,Adjusting the levels of your saltwater mix prior to use in the reef tank | Reef FAQs,False,0:06:53,AUieDaa2d8Ig1FRde1ur4N5Xm1OG1qoY2VghylpdcfMV5eHH5Q8
OhZMRuEgXrs,52_FAQ,Top 5 Tips: How to raise pH in reef tanks and saltwater tanks | Reef FAQs,False,0:05:57,AUieDaYXomi82udmUUDzMwAdJgFbIKXWVWgJP16hFWRnpfVv
lC1QeZsDP-w,52_FAQ,"Triton Other Method- Skip the refugium, but use an advanced 4-part reef tank supplement? | Reef FAQs",False,0:02:59,AUieDaZkUS26spHu6lNE0td8RcXqI956x9-l3-TR4ikfpdEL
ZW4FA6xG9p4,52_FAQ,"Mixing reef salt mix, the best method for the saltwater aquarium | Reef FAQs",False,0:06:42,AUieDaZpADxBSts7aAych8Uw-lxqAWeR1ONFF17-kkaKKNdPdVY
FVVZFBc_aH8,52_FAQ,Calcium reactor setup - The easy way for your reef aquarium | Reef FAQs,False,0:06:59,AUieDaarsEZ0LIFch6yL9gm1vHbyTdPWCUACXF2eTIdJ6sgU
vMuDTUhFoaM,52_FAQ,"Skip the crud, mixing salt for saltwater aquarium without all the crusty build up. | Reef FAQs",False,0:04:54,AUieDaazmSnj5saat8nrBAu0N6371eajsucUTbV9YiGmisMh
Ar9LWC6dFSY,52_FAQ,How to cure live rock with acid for a saltwater aquarium. | Reef FAQs,False,0:07:52,AUieDabsnD5hNXQ4zKhabYeJiJLZTlgl_Guy8zLC2OnnZ47n
X7HbhBUyGh4,52_FAQ,Bleach curing dry rock and live rock for a saltwater reef tank. | Reef FAQs,False,0:07:52,AUieDaYvDVN_FJ5iwYXuGw4GwlFK627BylPZCrJQi3tROJzAJU4
v-1uMoCocBI,52_FAQ,Natural curing live rock for a saltwater fish tank | Reef FAQs,False,0:08:33,AUieDaZrzaTCiq4FvoSuhwwU6eHxa4MWqZXJmBgFE7sP
IcT5pjSbfpk,52_FAQ,How to get stable readings from the Apex Salinity Probe? | Reef FAQs,False,0:04:10,AUieDaY46xGsGTxuMylQu4FGp3RWMQ9ECyCe7xGqlgdEjT4OGWs
JF9ctk2xvNE,52_FAQ,Calcium reactor tuning with a reef tank calculator | ReefFAQs,False,0:06:04,AUieDaa955Jny8lNGDXtLQzc33DvLR2F9PLLLo2yI_hr_3bUbpY
MeY0UsJ6ezU,52_FAQ,How to select the initial 2 part dose for my reef tank? | ReefFAQs,False,0:05:25,AUieDaZXkGPC0-UZhJ8c_sLrLb1ki5BQRFgXQ0dupxQ14-Grywk
Ta5i2-9VdY4,52_FAQ,Which magnesium mix do I need for 2 part dosing?| ReefFAQs,False,0:04:50,AUieDabTVFZLl60T0p6amcTJJtrEfufRq5uJCdIYg3pzl1JdOy4
b01UfyZRz2A,52_FAQ,How to stop precipitation when dosing 2 part to my reef tank? | ReefFAQs,False,0:05:27,AUieDabUwy0pjksUMnW-l5KbBOnzKZo1OE91Zfjk4lsg_KiJxy4
YNm8gKYPnoo,52_FAQ,How much 2 part do you dose? Reef calculator made EASY! | ReefFAQs,False,0:09:27,AUieDaYmxw8Y9aXYDOP3ttk06gFtXxGgTpP4ULW16V5u2jvh-W4
9i677FvvfX0,52_FAQ,Best 2 part dosing alkalinity additive for your reef tank | Reef FAQs,False,0:03:53,AUieDaZ9ar3EnvTbt36m-_JpFPn-bJmKoPSGNTY6f1rwuIh-Dyg
-sTnwOldNQ0,52_FAQ,FAQ #47: Shouldn't I be getting 99% TDS rejection from my RO membrane? | 52 FAQ,False,0:05:33,AUieDaYDWipd61w05-LaKfFvEjAbG-sXSSWs9suZNA02OnEjlNw
4zRRwdK-_wk,52_FAQ,"FAQ #46: Which goes first, sand or rock? | 52 FAQ",False,0:03:23,AUieDabr5FTtwUsEF0OzgmS_cXTKlnPd9WGD7r9NOOBR8OePWY0
-8nd04Gw_0E,52_FAQ,FAQ #45: Can my refugium work too well? | 52 FAQ,False,0:08:54,AUieDaZh85XaFm7LsYiKQ6bSOTF80-cvw_M-P1tSAGUoOg3cDVc
LRGf9Z9l-dc,52_FAQ,FAQ #44: How do I find all of the BRStv videos? | 52 FAQ,False,0:02:31,AUieDabroopN_K72s4E95smNtQbusTfJO21tExhdEQqo5vDRdaY
xKdPV3biaJI,52_FAQ,FAQ #43 Aquarium controller or reef monitor; which is best for me? | 52 FAQ,False,0:04:49,AUieDabFB2MVedGUZtxyIwgFb9xn14ji5AgG1vRSj1zguiCH3_U
T3EIPSrTcOU,52_FAQ,FAQ #42 Why are my nitrates high but phosphates low? | 52 FAQ,False,0:08:37,AUieDaaZRSKAm7ieHozuIAkfpD7p_VhyC19lgNldpOKeVUIZ_pU
b68gxBW1uYY,52_FAQ,FAQ #41 Do salt mixes expire and can mixed saltwater be stored long term? | 52 FAQ,False,0:05:44,AUieDaaHfzPQxDGKu9DYIcBwGBKHEoFI8x0RdbAQ3W3AtGF_SWM
tNNfIpXEzvI,52_FAQ,FAQ #40 Does fresh air have the same effect as a CO2 scrubber? | 52 FAQ,False,0:04:36,AUieDaZ8B-eIM2r4iZCSuOXPOBUsP0tJh_eVNTGh5Pe04S5kKiM
zzPc5bc2Mok,52_FAQ,FAQ #39 Should I use filter media while cycling my tank? | 52 FAQ,False,0:03:27,AUieDaap_yMYSxdBZqBmJDdkOedH2LRuFP0KoiRlJDPgkSjkZV4
hSg3KGTuRCo,52_FAQ,FAQ #38 I Add More and More Ca/Alk and the Levels Won’t Rise? | 52 FAQ,False,0:06:01,AUieDaZU3YO3MK2kdTZcwu_R-6Id9r6JWNUNLipe1JcR7X5kvbY
YCgZmcW4X4Y,52_FAQ,FAQ #37: What's the most affordable lighting system for a reef tank? | #52FAQ,False,0:07:42,AUieDaYT3AbXmo_YFlDVk79vL8XLPwGPX7-NUZR5zvuIPKUNA2U
IEnEaDxAOVI,52_FAQ,FAQ #36: Can I use ocean water in my reef tank? | 52 FAQ,False,0:03:09,AUieDaZuM2WY8qAopqhut7nSfT0gEOi_dwguR5KpqFxyuz835KU
qZc4IJHrLfc,52_FAQ,FAQ #35 How often should pH probes be calibrated?,False,0:04:36,AUieDabHMSfSD2rqoo7WoNSzbX9BEpcG7WuvMG2jMs1Z-FHBfP0
G58OFQ0sQH4,52_FAQ,FAQ #34: What does it take to maintain a 160 gallon reef tank like the BRS 160?,False,0:04:05,AUieDaajcJnISfJXnAjkDDWdIldLIx3aObIAo_gaECYdfYcTzhs
RE258B5SGH0,52_FAQ,FAQ #33: How do nitrates affect coral coloration in the reef aquarium?,False,0:10:20,AUieDabcdUXuEE4MZv9qrx8oOfMczDtzBrqx9MpFO8NuMM41_Fo
uYx0F2ryOTs,52_FAQ,"FAQ #32: Where should I direct my pumps flow - the tank's rock work, or the surface of the water?",False,0:02:51,AUieDaaghmG05E7hIzObsZmuLoiQX0uSfLwMhO2ipEYzlX7D8qc
4BHiLNoC5hI,52_FAQ,"FAQ #31: If stirring kalkwasser has negative effects, why are reactors available that do just that?",False,0:05:36,AUieDaYsV0HDp8CpTXlJ3LdapHj-vvr8fjcfwNcX6bdH7TIOkB0
CSf_vzh0YfY,52_FAQ,"FAQ #30: Should I run my protein skimmer during my tank cycle, and while curing rock?",False,0:03:00,AUieDaaAUl2fxIOnTW7fvyNpNHDbRm7AJEtUKoaeKcuOAWCkZQw
wgi2z9RfF24,52_FAQ,FAQ #29: Should I run my protein skimmer before or after my refugium?,False,0:03:39,AUieDaYXcSvO7qQqayn5ryOCzJXX_VcHCgdDDPNfHVjx4KYlfH8
Vk0AYpLvxjE,52_FAQ,FAQ #28: Can I keep multiple tangs in the same aquarium?,False,0:03:41,AUieDaYfabAHS3S5kCBb8aVdfG6gJQeSs4ENzw1kKJmGTIkPzxY
p2RmF6oRnt8,52_FAQ,FAQ #27: What plumbing fittings did we use on the BRS 160 reef aquarium?,False,0:03:18,AUieDaZL1ZyBQCYMlxBVK6OIPudsPFx8QYNISLIlwPw0tyW26Kc
iCAY9ljsMWE,52_FAQ,FAQ #26: Using Bayer as a coral dip - What recipe do we use?,False,0:02:42,AUieDabOkdK7V0Lr6MQ2jS6XqBLJCv0jCdLx2qdpxL_rTQh7eYg
M1iY-Vz3-V4,52_FAQ,FAQ #25: Where can I get the solenoid valve used on the BRS160?,False,0:03:25,AUieDaau0rHw25X-A0P6TRFil7rIxkhn0437GY2w-KX3pBtBEBk
tmFu1fc1DKc,52_FAQ,FAQ #24: Is having a protein skimmer that's rated larger than your tank advantageous?,False,0:03:01,AUieDaY_J-646K755IkIeykOXy4B1qzuXPgMXukM7kXTH5XzBHs
7S9-hcDnQIA,52_FAQ,FAQ #23: Why are wet dry filters not recommended by most reefers?,False,0:03:45,AUieDaZPc6iQ4nBPfkGsjAAWesxJCTV7qs9WmdLkfM79Q12eMoM
MSkYO6qxYpU,52_FAQ,FAQ #22: Can I run biopellets in a BRS Dual Reactor along with carbon? | #52FAQ,False,0:02:17,AUieDaaUn43IWlTG8EX3EcLn9TErgonqcjjfxC3Grq93Gt9agS0
oJytbChZsoY,52_FAQ,"FAQ #21: If the Seneye indicated an ammonia spike, what would be the course of action? | #52FAQ",False,0:03:05,AUieDaa_crY-sJaZZhoBwZcEWwFKISY_XVL2eKLd1EXlrsRs7YY
igm0KdvW2c8,52_FAQ,FAQ #20: Why use MarinePure for filtration VS deep sand beds? | #52FAQ,False,0:05:02,AUieDaYyHLMwmiIh7DXMaR6EYZjuj-Pwns4FVkf9ewFFmZmAJ7c
cRo4cP9YjCw,52_FAQ,FAQ #19: How much water flow do I need in my reef aquarium? | 52 FAQ,False,0:02:05,AUieDabyzDKhQsNrKR6JPZBfbtrkCrnDX9a3O39xBzBrOy5ysqQ
PNkQH5w_gXU,52_FAQ,FAQ #18: Can I use TDS as an indicator for when to change my RO/DI filters? | 52 FAQ,False,0:04:27,AUieDaa83j4yufk1ciLmqp1K66PtLrIY0x3ka1DO2lKpdfsPDQc
-AcAuqlBckE,52_FAQ,FAQ #17: Is it worth running a refugium on a Zeovit tank? | 52 FAQ,False,0:02:49,AUieDaarQdd179OiCHQqPkn6kYgyeWpM0sjC9ALu9ctSCtcmWh8
XCJ_fD0MQrQ,52_FAQ,FAQ #16: What is the relationship between the Theiling Rollermat and the tank's flow rate? | 52 FAQ,False,0:04:41,AUieDaY_YFOI4AyhTcwpzsV995jDxA9Tm-gfO6qfExrcLHOKxpk
y1fsC2dlMT4,52_FAQ,FAQ #15: Can you add sand to a bare bottom tank? | 52 FAQ,False,0:02:48,AUieDabw3gPenaLHLXTB2N0fpe0850mQN-RtNFbpoJlZbnLk4rE
2JBOWdpWS1s,52_FAQ,FAQ #14: How do you calibrate your reef aquarium controller's temperature probe? | 52 FAQ,False,0:04:02,AUieDabYHH__MeOYYvLatFyhudQCKLJJu3I53L2xDecYGRb6PSU
itPcN2fgQCQ,52_FAQ,FAQ #13: How do we feed the fish in our 160 gallon reef aquarium? | 52 FAQ,False,0:03:43,AUieDaZu6ozZMYhWW03VaW06J_fp68S1E1RE5gDeNiDa
G-jCMWPuE5M,52_FAQ,"FAQ #12: Which plumbing fittings, design, and equipment can be used on a return manifold? | 52 FAQ",False,0:03:44,AUieDabBg3b60-V3NgyZzw4qmLe-sLZcAhfSvqni35n8
HJq0VXizDck,52_FAQ,FAQ #11: Is a skimmer necessary on a nano reef aquarium? | 52 FAQ,False,0:02:54,AUieDaZsq1SL9GPpNiwMsYuvzB0x1tRgqkxNCJMlL3uf
0XH3RiWB6IQ,52_FAQ,FAQ #10: What are some great ways to reduce phosphates in the reef aquarium? | 52 FAQ,False,0:03:23,AUieDabrGblWlfDF0aoZb5_pPCg66wmBCfQIyzl8OdBmBzIYqJA
A8Vc__Cb-SI,52_FAQ,FAQ #9: How do you remove coral frags from their plugs for easy mounting in the aquarium? | 52 FAQ,False,0:03:28,AUieDaZ2_ym3Q4fMfZFeK_6-s9lZqyJnJ6iDV11Yo4VrwzEe_OI
IHPVyl10ovs,52_FAQ,FAQ #8: What's a good food to use with auto feeders for fish & corals? | 52 FAQ,False,0:04:24,AUieDaamgTP9q0aGnyWpcBgOg7DzGdrOT8YePAtgorXF
1qB9AHAxp44,52_FAQ,FAQ #7: What would be the first coral we'd recommend for an aquarium hobbyist? | 52 FAQ,False,0:04:19,AUieDaaFN3dmaJ7T4C3a0nFLRDf7A2GPxfije9gqdKI-LSzZZQQ
wOEmwmvX7H8,52_FAQ,FAQ #6: What kind of water storage tanks are the ones featured on our reef tank setups? | 52 FAQ,False,0:03:27,AUieDaa3VD1_x8xYXIOugmzjxFipd0kJqHl2LBhtnJ1T
t7XGA24O5wI,52_FAQ,"FAQ #5: I'm using a different salt with my next water change, should I have any concerns? | 52 FAQ",False,0:05:21,AUieDaZzl0OWyZc5QEkkqew8VhlGxMg7-a-7c733Tn34
WNyeGepppEs,52_FAQ,FAQ #4: Is there a Zeovit reactor that I can use in my nano aquarium? | 52 FAQ,False,0:03:13,AUieDaYa349PpivlWhls6DHX_J74yAmUb1jy3J7KxX09
kUPTVa-vi1c,52_FAQ,"FAQ #3: To drill a 40 breeder aquarium, what overflow, bulkheads, and hole saws do I need? | 52 FAQ",False,0:04:13,AUieDaZR5vRbOS6tPrLuBprhQC6rwtV6TaDqZodusU67MbwkZjQ
b4k7uE6vukQ,52_FAQ,FAQ #1: What do you recommend to paint the back of the aquarium? | 52 FAQ,False,0:04:46,AUieDaZ0Ivh_IJVIdDRCpF6tcFEUTNfnpV6e0XS2AFBW
Cm6MuzFYFyQ,52_second_edition,These 5 Accumulative Pollutants Stress & Kill Corals. Why Are They Rarely Addressed in Reef Tanks?,False,0:43:25,AUieDaZ0nN7Jdz13pbMlaf0RNOlxW1Q_YBrUpEcUoiTn7oSR2_o
QQyogSRDv_k,52_second_edition,Challenging RODI on Reef Tanks. What’s Really in Tap Water & Optimizing Aquarium Filtration For It.,False,0:45:12,AUieDabrz3fpHufQitMbrM0rcQNbn4WegQMjyiUP-thBN1YbAIc
Vbq7s7Lw2sE,52_second_edition,We Want Answers to Phosphate & Nitrate in Reef Tanks. Can Our Approach to Nutrients End the Debate?,False,0:26:11,AUieDaZy-r7NLMabgBezVIoLwQezJYRk4ffP_ymeL99tmJR-xYg
KuZPRJsviTE,52_second_edition,Week 12: BRS 360 - It Took 20 Years To Learn These Four lessons  | 52SE Reef Tank #8,False,0:16:17,AUieDaZx-OP-7x6EyIOHL8K0l28VdB4UZmmJefqSTY9Mbh98rqM
mnpOrtwTON4,52_second_edition,Week 11: Nano Reef Tank - Magnifying What Is Otherwise Lost | 52SE,False,0:10:36,AUieDabs9UIBXWq6BhV6wogO4l4UbWWmxvc2hdGs-OI_fCp_clQ
3OmI1WNanjA,52_second_edition,Week 10: 17 Questions For Success With Clams in Your Reef Tank! John Bui | Clam Mania,False,0:50:49,AUieDaYwPM_RCHTVDTZaFQ4O5pRUXYNwWjdGPaCkri-RM3mu_mk
Yo7gQnzxNqE,52_second_edition,Week 9: The Magnificent Sea Anemone & Clownfish Harem  - A Challenging Harmony | 52 Weeks SE,False,0:15:27,AUieDaagY_qpqbWk7_-aHoC7G62He04XFm6gdNAjf9gJSYZoxdo
nTbIUth7fVk,52_second_edition,Week 8: 52 Questions in 52 Minutes 52SE | Special Guest Josh Earel,False,1:02:39,AUieDaaSHoE9BFyrDeSk8-ai6-ZDIQHqzO-aHXqEPDS10oTlwME
GtxaS43Y4ok,52_second_edition,Week 7: Soft Coral Collection - Evolving a Zen Garden of Coral | 52SE,False,0:17:56,AUieDaaORIhgi9re1wyvmrm77YBA8XybZeIQLb4jHYbgpajmiVw
j9sW427_TtM,52_second_edition,Week 6: Acropora Collection - Reef Building Rainbows | 52SE SPS Tank,False,0:28:53,AUieDabs4D3hoK_N_egZhr-K9pI1aqMN2qpymxLYp6IzNQPUebM
FxeNMzfglQk,52_second_edition,Week 4: Lessons From a Wild  Reef That Apply to Your Aquarium! 52SE | Special Guest Joe Caparatta,False,1:25:24,AUieDaZhOLElqA_QuuV-uEmajdyhPh1x8JR5X9hXG8KViuQy_78
W-IwGnpmvz4,52_second_edition,Week 5: Flowy Stonies Collection - A Rhythm to the Movement | 52SE LPS Tank,False,0:18:57,AUieDaaiFiII3Tt_BbE6zKLe_8WOY3Yw1fc2AzROAhAF74t9Iyw
uVkHwsFJk4I,52_second_edition,Week 3: Chromis School Tank - Nature’s Coordinated Dance | 52SE,False,0:21:41,AUieDabiA6y_HIZEzPwa_xBHNXy5zuAc27en7eoi49fHSfYO92E
93JGOo4Zaes,52_second_edition,Week 2: Twilight Predator Tank - A Deadly Elegance | 52SE,False,0:13:42,AUieDaZrymeUy-KRRA0Ne5StRSFrwJi_5kn2Q4j92MLEraHLthc
W-c3cZsscqY,52_second_edition,Week 1: A Modern Guide to Marine Aquaria | 52SE,False,0:02:37,AUieDaZuEaaKceqsjmBxTvAUffRfJcWzfOmmtFOA9RKVFk3xYUE
PZ6ZytpjBGQ,11_days,Reefers Create Environments for Rare & Unique Pets. Survival & Growth Measure How Good We Are.,False,0:32:49,AUieDaaXn-PxGF1co9DR5Sk8gr6pbJFhEU0jpa8cx2u9873HaRQ
SSFwY7-_-fc,11_days,Selecting the Right Saltwater Tank Size and Location Will Define Your Success.,False,0:30:44,AUieDaaDtzjvAp1DWwZwNkcBXyjYpP_B2b2EesBWfRGQr_jgtsM
ID7cgKVW3Dc,11_days,The Best Aquarium Sump Design Prioritizes Function Over Form... Bonus Points if It’s Future Proof.,False,0:26:22,AUieDaaUY2bfi9F9sn8iEc9uLV5XVFOxVXUbhcR_2KgE5wNhIXw
LDDYbAfSYNA,11_days,"Everything Breaks, Faster in a Corrosive Environment. Plan For It Rather Than React to It.",False,0:54:45,AUieDaaWzkgN6WO3vM-EUNvGx10ngF7H7JSZWVlNaA9dSQ5FSwU
I7P1ad1QGI0,11_days,"The Best Return Pump & Plumbing Option Is a Leak & Kink Proof, Failure Resistant, Approach.",False,0:26:39,AUieDaYGPi3PRDb0h1UXRHvC0yFsYaIzHw668jiSJM0yjrjAFaY
0YoE5AOKYWg,11_days,Clean Saltwater Aquarium Gear Wiring Is Synonymous With Safe.,False,0:34:31,AUieDaYWlyWRm2QWxaRbJM7XYXm0jSImbaaGUjDTRYqbV0BArkw
6UF9yjKgpLA,11_days,"We’re Not Maintaining a Reef Tank, We’re Maintaining Water. Reef Tanks Come From Doing That Well.",False,0:51:57,AUieDaZd2XYav8dgEtiody2wRSMWYvENI4jilcywLMAPo0rCF7U
wK0DB52SiGg,11_days,Your Heater Will Die and Your Reef Tank Along With It... Unless You Chose to a Different Path.,False,0:38:36,AUieDabbDwl9C2asBFYQKNhRKUQ_Oj3osN0Hm3ZqM4FAbfxw30I
LqMccFbdO9U,11_days,Water Flow Is the Blood of Your Reef Tank. Delivering & Removing Most of What Corals Need to Live.,False,0:43:38,AUieDaaSCLrXkxmdqyPe9w8l6bhJAzP1zZiqBhS5sV0RaO3myfI
PKXf1axq-TY,11_days,Rock Choice for Your Reef Tank Will Define Your Journey. Get the Right Tool for the Right Job.,False,0:52:16,AUieDabpJbki62HVaOODy028O7oEbkpMu9HweqFbj8WchIAwqfU
u8xD9nCvaQs,11_days,An Aquascape Is for Our Eyes. A Habitat Is About Caring for Our Pets... You Can Have Both.,False,0:55:01,AUieDabb3o1dhJDT8zUFsdpOcB3COmtEgukZHFeS9EcxBq4UpaM
tFfwdURtXwg,11_days,Sand in Your Saltwater Tank Is Beautiful Problem... Prioritize What Matters Most to You.,False,0:26:18,AUieDabWtVuycahYI1_PhPrMTWGd5RcUC1YTas0uhLVwAWO10b4
zSppnm_ph7E,11_days,"Ammonia in a Saltwater Aquarium Matters, Then It Doesn’t...Except When It Does.",False,0:17:08,AUieDaYSyeAdhll0pTTn50zVVsdoKYsfjh9uclznex8VH7ExMbA
6KDgAFYoAvg,11_days,Embrace That Parasites & Disease Are in Your Reef Tank. A UV Sterilizer Will Be Why It Won't Matter.,False,1:09:58,AUieDaZvhw6DgZjp5SUbEwlGmvDRFan6BuA7IrzQOyL5XV8dlpc
icwaDpKzA9Y,11_days,"Saltwater Fish Adapt to Most Environments, but They’re Also Sensitive Creatures. Gradual Is the Key.",False,0:32:44,AUieDaZcGoMH3LXsqInVNY6vw2d-FYbcPjLjrFl2VhxJvTmIDq4
hKLuBKKre6c,11_days,The Best ATO’s Embrace That Valves and Sensors Have a High Failure Rate in Saltwater Aquariums.,False,0:36:17,AUieDaZXKY0szE1TjLNHz60gU8NC3BuXo0J3OPbVJbJ2KG9zMgs
XmlBer_sAdQ,11_days,"From 2 Fish to 20 Fish, Good Skimmers Grow With You. The Best Skimmers Boost Coral Growth +50%.",False,0:51:38,AUieDaYCTti1aEGtpiFGrHnGpxv1Kpofh-4TpsQ7eD8F2JGWpYY
0w39VMvaJgE,11_days,There Is a Direct Connection Between the Sun and the Best Performing Reef Tank Lighting Sources.,False,0:28:30,AUieDaaDdQ6DwYufbj5tSSpp5NIgsMRIKFurfzH79T08S7_EWEI
PSxAR78KG2o,11_days,T5 Lighting Is Ideal for Reef Tank Biology & Replicating the Sky... But It Is Not the Future.,False,0:26:44,AUieDaa7wtt507nGRyCvx2G756okTYxdceCsLuj0UizGWZKvcqg
Ry_dcXlu42Q,11_days,"Metal Halides Are Awesome, but Already Dead for Nearly Every Application in Nearly Every Industry.",False,0:16:10,AUieDaagkqZx5Mn8-4ilFLrpGHYPrzjdwt6AWfQq_IqcYU6OZlA
IBhGHWtRT2E,11_days,"Reef Tank LED Lighting Are the Solution, but We’re Making Something So Easy... Hard.",False,0:48:09,AUieDabSZvgBtv0bEsQ-faDRm81zbdX8TBHm9iTXafulZNSDPRM
3eAAhBI9lBA,11_days,"A Reef Tank Lighting Option That Emulates the Sky, Sun & Shimmer Is Elusive. Even Nature Has Hybrid.",False,0:19:15,AUieDabnLXzjtf8pAKGADKM10eRs24NYrq3XmBSIO5nzdbuLqvI
YTWrR632IFU,11_days,A Saltwater Aquarium Clean up Crew Is So Much More Than Snails and Crabs!,False,0:22:13,AUieDaYzrpVYBgVYpjbk0nEnMCwiNrRNnOVW-vgy1NDS2AdCIL8
qB3g6ayUCEM,11_days,Saltwater Aquarium Filtration: Manual Fleece Filter Rollers Are the Future.,False,0:26:35,AUieDaaE9_StklTSxoZ2xDEfDJDKVhsjViINZ3uSA71gGch2Yic
enSHZhtRTpo,11_days,Bacteria in a Bottle Just Might Be the Next Frontier for a Cleaner Reef Tank.,False,0:28:16,AUieDaZAFE5FoWMUryNraPnEZ8dtUdq_jFT79sSbcppeMobPw-k
5_S1y4fRItw,11_days,"A Refugium Is the Easiest Way to Solve Nutrient Issues in a Saltwater Tank. Lights, Chaeto, Done!",False,0:27:34,AUieDab1aODqj9wGr3jztIgyAhcNtitp_fWB-Mi2bIMCipwdDew
Pv7fNaFhuMo,11_days,"Ozone & Reef Tanks: Its Like Running Carbon 24/7, but the Best Way to Implement Is Still Not Clear.",False,0:19:41,AUieDaYDWOnwpUCiGPy7hIEKhCWYaK5A0l3tCT0Oxbv8yTWSmOI
fAmoChui3IY,11_days,The Best Reef Tank Chemistry Solution Addresses More Than Only Calcium & Alkalinity.,False,1:34:07,AUieDaY06LwF9QAhJBKkcw1QJMsxgczjxdrmcRv9TuAJEwQwPqc
hTQI6z7jEfw,11_days,7.8 pH Is a Bad Move. Embracing Reef Tank Acidification (RTA) Is the Right Move!,False,2:20:56,AUieDaY2sb7tb0opimos1hHJ3LqTlffGRlTMZ40QQSUUK5pJ97A
eqmAjkbCsgQ,11_days,Kalkwasser Is the Most Under Appreciated Reef Tank Additive There Is.,False,1:11:38,AUieDaZt6ekwLn7lxjrazQqh2j0pa0c6wJHWyj8a5QCXM8NjhGE
_mlwJCvwNn4,11_days,2 Part Is By Far the Most Versatile Calcium & Alkalinity Solution for Almost Every Single Reef Tank.,False,1:30:23,AUieDabrL86SpnphuC55pbiCAFa_8lcUUfVNeho7VbZlQqLIdic
pqTuQDzjlv4,biome,How 15 Answers Changed the Way I Look at My Tank Forever! 10 Months of Biome Cycling 12 Aquariums.,False,1:14:48,AUieDaYjCR27DVklll2Iayzlsb0LsJ5ipyK6pkp1Lag5pCczSDo
nAXkiz01ebE,biome,Ep: 1 How to Avoid the Ugly Stage? BRStv Investigates the Biome Cycle and Reef Aquariums.,False,0:02:28,AUieDaZDFBvrY19mbgpC8JhPHVJE5C_HyExKD_4BPpgS2HcqOVc
4Uz7YwrwV_4,biome,Ep 2: What Are the Five Uglies in the Ugly Stage? Can We Biome Cycle Our Way Around Them?,False,0:12:48,AUieDabUSn1Pc2x7nJGDmCZHm0jUmIrStpOrN0rxYvZf7OpnQIw
DLb5AUcNUpw,biome,Ep 3: Meet the 12 Tanks. Each a Totally Different Approach to Beating the Uglies and Cycling a Tank.,False,0:08:51,AUieDaaqGeUdbNcTK1mCudjiytnngoLgOH8NNkK8jZN0JHne7F0
9Q_sh42NNd8,biome,Ep 4: Can AquaBiomics eDNA Aquarium Testing Help Us Find the Perfect Biome Cycle?,False,0:11:04,AUieDaZF_Go-a_Oz7gCNKNsIkZvpqeg-iRsKrP0N2A7hJDlXaU0
WEfzSdUQMBg,biome,Ep: 5 Best Biome Cycle? Ocean Direct Live Sand vs. Indo Live Rock vs. Marco Rock vs. Aquarium Sand.,False,0:22:18,AUieDaaSdJmtM5pZFKHrxe_vNUnj0Q0-GHdTQJgt1qi5C42alYo
eAv2YWHY4Nk,biome,Ep:6 Best Biome Cycle? Insta Coral vs. Aquarium Rock vs. Dark Rubble vs. 100% Water From the BRS160,False,0:15:39,AUieDaa0v4DZDCnyqxRXlT6PkP2QwsEWg7WWMYl6bqPD2EOolcw
CN19TXDc_i8,biome,Ep: 7 Best Biome Cycle? Aquaforest Life Source vs. Real Reef vs. Gulf Rock vs. MarinePure Brick,False,0:13:49,AUieDaaXvI3oG_tt-zWCQu6Q9LW1F230QMV-lcGXXYGTL4Ara0k
JUawH9t4VH8,biome,Ep: 8 Biome Cycle Phase 2...Which of the 12 Test Aquariums Will Beat ALL of the Uglies?,False,0:34:20,AUieDaY2ik_9BJv65jQg2d8h5HQDB7VEG-gMBM3pPWdgAAbCA_k
3OszX4wFKL8,biome,EP: 9 The Best Way to Wipe Out Reef Tank Uglies.. Can Copepods Solve the Problem Before They Start?,False,0:13:01,AUieDaZ-ygWyOjKR8eseMkfpOcu-F73gavWRn2lH0iYcpTlrgEk
fmBu5QeglnQ,biome,How to Take Everything We Learned From the Biome Cycle Experiment & Change the Future of Reefing!,False,0:07:23,AUieDaaXd6-b9W_n5aSPz6gfRtAUwQCzTRB8WeDJ2mEh8pReSUs
O4qjDdSgrFA,interviews,Tough Questions for Than & Tidal Gardens.,False,1:06:49,AUieDaavuK9Dw_Lx7hNrjOuYRNk7mVjUIt4ieGcFDQCn_o1fLuE
3OmI1WNanjA,interviews,Week 10: 17 Questions For Success With Clams in Your Reef Tank! John Bui | Clam Mania,False,0:50:49,AUieDaYwPM_RCHTVDTZaFQ4O5pRUXYNwWjdGPaCkri-RM3mu_mk
uaOzQj6xamU,interviews,Down and Dirty Reef Keeping - All of The Gadgets Are Just Sales. 52SE | Special Guest Josh Earel,False,1:45:55,AUieDaa1zj7qnlXrC4Wdpd7xdMxIzKQNs-DO7vMW5dn6s9FriLw
1qhAoV8WVpo,interviews,What Are the Characteristics of the Best Reef Tanks? | 52SE,False,0:42:24,AUieDabxOU5yoWurH7IkQ6wJHeUJ_xh37CNP8nm3LA30r9t42sM
wVre1ne2t4Q,interviews,Joe Shares Coral Farm Lessons That Make for a Better Home Reef Tank! | 52SE,False,1:04:34,AUieDaa3sw3kb06ZgwYN8dhLbC5Oj0jK6aTZAHERKYS3aWDBY6k
Lj1PZvFGcZI,interviews,Crafting the Ideal Reef Habitat: Aquascaping Secrets With Joe Caparatta | 52SE,False,1:02:11,AUieDaanmJzNqfgIB2oeVLvrIvCts_QkfH8EZin1zTWyZNaMFe0
nWJ6JGl4s8g,interviews,Howard Shows Off a New Aquarium System From Maxspect... With Everything You Need!,False,0:08:04,AUieDaZwZJrsuLhUdGRBsl4sj0Zp5Ni8xnfih0NOiqIL1qULLBk
sLIq7CeXluk,interviews,Elliot Shares Why These 15 Saltwater Fish Are Expert Only... Or Not!,False,0:42:33,AUieDaYvwsz3CImsU-h584h3mExsD101a2J93IfkQ2wXPsZRGHo
AQb101MTRq4,interviews,Dreaming Of Going BIG? Than Shares His Wisdom on Large Reef Tanks!,False,0:32:33,AUieDaazpDjb84R55MRQDw04d6xXpMRp4xzlDK8sf01EC_xCKcU
Id88W8UF3IA,interviews,What Can a Maxspect Gyre Do for Your Reef Tank’s Flow?!,False,0:33:11,AUieDabABtqBOZezHMKp0J5EbbZwvoWb9NIpvuvpzmZm4zwqGSA
tWKkbUnsHrA,interviews,Tank Treatments vs Biological Control... Treat Reef Tank Issues Like a Pro!,False,0:56:59,AUieDaaYd93VN6d8-Hq_cLo3JHuAaTEacr6-BPrvf_fdUAhlGn4
w-reVKIynKI,interviews,Vic’s Top 10 Coral Parasites & How to Deal With Them!,False,0:49:34,AUieDaaC3BrTop863GTA-WnQZTMFzdD9GoDarTL28G3_yIeU4PE
d3_3tSxKTIY,interviews,Than Shares How Tidal Gardens Experiments in Their Coral Greenhouse!,False,0:24:33,AUieDaYBdWtQ0ANyXG9OH19zEzQl-mWMpy1MRU7IoxZuFgLkk4U
h_mctoD-Y1k,interviews,Howard Shares Maxspect’s Approach to Reef Tank Lighting!,False,0:30:25,AUieDabDeZIerbxjjeMCXaijIi3VprJCMuyFmqo1XO1yFMPOcwc
-m5wPnvyGSc,interviews,8 Ways to Build Your Frag Tank Like a PRO!,False,0:49:15,AUieDaak2pze68WPTFOr99s3Z0H0G-anF8Sd9kbZRGnDoq4bNig
nzX6DbHRHXk,interviews,Successfully Add Saltwater Fish to Your Reef With an Isolation Box!,False,0:21:17,AUieDablcgcylfxR7m8ivGVQmdyiqVJ_2pqoA-9ImePVu5xcOxI
OnCCXGFaoNE,interviews,Maxspect Is Changing the Way Reefers Look At Protein Skimmers!,False,0:34:29,AUieDabyiHlworguKYSceH-nXS6gK0WhiRAr9mIfOVZ1BXTX4NM
j0NN3CTNTQU,interviews,"Would You Use Any of This ""Old School"" Tech on YOUR Reef Tank?!",False,0:52:18,AUieDabOC0t589U7kVrskIKm2trmA10kQKe2JaaxQTpn6-_Elso
auTF6kvBpg4,interviews,"5 Characteristics of a Healthy, PERFECT Saltwater Fish!",False,0:20:54,AUieDaZ_hQ8Gd0mPIc-HQbdA_QqgBzSFSVphVf-C-v7s58Bfcp0
XdQjm0z9E0c,interviews,Than Shares 7 Things Reefers Think Are True... But Aren’t!,False,0:41:09,AUieDab4r69EpQmVPAemRkJ5Y_TdaVC8bpJgf6DeiVrNp3_Fvok
qRlIh7ZmA-Y,interviews,Two Pumps in One? Why the Turbine Duo Is the Most Versatile Aquarium Pump Around!,False,0:15:27,AUieDabzPou2NLfM8OPpq8NgUT9a9mRL0jl4J6xoS9qsl_r3aKU
kuiS6Tj3Ok0,interviews,10 Things Lou Ekus Wishes EVERY Reefer Understood About Calcium & Alkalinity!,False,0:39:01,AUieDaZW3iXwkU_tlH6TIsCpP6Lnf2KjTr6IMAC7XAGelUhrAxE
WLBAhzSR6yo,interviews,Top 10 Saltwater Fish Keeping Tricks That the PROS Use!,False,0:54:00,AUieDabbB5G_M9gWRmBzxYh4COcZhIl4gH_OFU4YYKtYXusowjc
CQlsZQOtBi8,interviews,Saltwater Aquarium Beginners CAN Overcome Information Overload!,False,0:43:00,AUieDaZP7bsDHvK2l1kEA4BoeVZn6FiwesCqR0dplEO_YTAdLaE
ZO1MYNZbWmY,interviews,"Glue, Tweezers & More... How Can Maxspect’s Coral Fragging Tools Change the Game?",False,0:24:21,AUieDaa5GUgpwgwxlC42bM5V2K6VQf3A_rGSuL9ZaNTlX8Wp0z8
QZK6oruHUN4,interviews,Lou Ekus Shares His Knowledge on Carbon Dosing Our Reef Tanks!,False,0:52:37,AUieDab5iX5v0KSpo2hd0Yuzqfg63iiPSqlpX7QMLWrusnC4Ypg
H_TbxcURoGE,interviews,Victor Shares His Top 10 Most Useful Reef Tank Critters!,False,0:27:00,AUieDaa8cMkMh4XLqdL_dP1pDwKy_BsddpIf9D0VXhtZ4W5OFhA
b4HzJwBZmrM,interviews,Than Shares 8 Reef Tank Themes to Take You Beyond a Mixed Reef!,False,0:56:27,AUieDaYsg7YM-Dr8rkeLpfq9PTrreoOWGrp-RTu888XWr9YiFBM
vLHLUq1RF9I,interviews,What They Do & How They Work... Maxspect Nano-Tech Filter Media Is a Game Changer?,False,0:31:12,AUieDaafXE8CWyPCAhdC9tyt-I0f-m1WwH5SDbZlr7DMUaks6Mc
3_zRvFXEjRc,interviews,Lou Ekus Answers His Top 10 Most Asked Reef Tank Questions!,False,1:38:21,AUieDabZO9Z-1_9t1qJozjPbJkh7JdErp77FWU013q98QlCQAqg
l0Vg04ct8l0,interviews,Ensure Bio-security! 10 Missteps That Saltwater Aquarium Hobbyists Need to Avoid.,False,0:19:55,AUieDaZ4chGoICHV6lDEx9DBjlAiVwbYrK-TLHqJ0DrrRzaxAWc
0Ay69w434kY,interviews,The 10 Things You Need for a Successful Saltwater Aquarium.,False,1:35:40,AUieDab56ohzaNkP3yGLCo3HlruIdwXcdD5DMS4PqR8fubUpJAg
3VMoNFWNtRc,interviews,Lou Ekus Shares His Reef Tank Knowledge! 10 Things EVERY Reefer Should Embrace.,False,1:55:09,AUieDabX_fRRpRaEP69HgLwuyg7zSn_DsGxlS4g_EmC-q-AGxYQ
OcxRyucO630,interviews,Will It Change? 6 Things the Industry Can Improve on to Ensure Healthy Saltwater Fish.,False,0:36:06,AUieDaY0nnyGuxNs4aTePTt3ckHk7ZGhqvIk_zPEdu3Yd48f7a8
67nCFUwHgsM,interviews,Better Than Carbon? 10 Tips EVERY Reefer Should Know Before Running Ozone on a Saltwater Tank!,False,0:42:13,AUieDabGhcI-SdnF3twdw7_kuXRe0_3Pb46kZXPfeEIDeofkf0M
BPeEf69NFZ0,interviews,Vic’s Top 10 Things the Reefing Hobby Should STOP Doing!,False,0:26:39,AUieDaax7SIei63ujNRSaSpBXFEFcrEI4xL85WMlUD08KjPl080
xxO6K4yU0eU,interviews,Victor’s 13 Secrets to Running a Successful Coral Farm!,False,0:27:01,AUieDaYThG7TzP6T6r9q6D8UlSpxpa4YoiQ1Ft80O7EH8ZHDr3c
ez96AVbRik8,interviews,Victor’s 8 Coral Coloration Tips to Make Your Acropora POP!,False,0:33:30,AUieDaaXij1JOi4oAOdYNV8Ki33WBIfh7ycXkdZVhE6qS9WXQno
O5bgq1jwSfo,interviews,Top 10 Things Victor Wishes EVERY Reefer Knew!,False,0:56:33,AUieDaYP2dR8wX6XNinl5ya8ZKMkO7iKDHhChOaw2G6iEZfv-Fo
